{"name":"c7274d8d-c7f1-4f9b-b807-8e09e9a6b556","id":"/providers/Microsoft.Flow/flows/c7274d8d-c7f1-4f9b-b807-8e09e9a6b556","type":"Microsoft.Flow/flows","properties":{"apiId":"/providers/Microsoft.PowerApps/apis/shared_logicflows","displayName":"ALDS v3.0","definition":{"metadata":{"workflowEntityId":null,"processAdvisorMetadata":null,"flowclientsuspensionreason":"NeverTriggeringDetected","flowclientsuspensiontime":"2023-11-10T07:18:43.0812501Z","flowclientsuspensionreasondetails":"Flow has not ran at all in the past 90 days. Disabled it on 8/25/2023 7:17:49 AM.","creator":{"id":"447ff19a-2ba9-4bc8-b3cc-6d74033c0080","type":"User","tenantId":"4b18ab9a-3765-4abe-ac7c-0e0d398afd4f"},"provisioningMethod":"FromDefinition","failureAlertSubscription":true,"clientLastModifiedTime":"2023-04-17T09:35:37.2272511Z","flowChargedByPaygo":null,"connectionKeySavedTimeKey":"2023-11-10T07:18:43.0812501Z"},"$schema":"https://schema.management.azure.com/providers/Microsoft.Logic/schemas/2016-06-01/workflowdefinition.json#","contentVersion":"1.0.0.0","parameters":{"$connections":{"defaultValue":{},"type":"Object"},"$authentication":{"defaultValue":{},"type":"SecureObject"}},"triggers":{"When_a_new_application_is_submitted":{"splitOn":"@triggerOutputs()?['body/value']","metadata":{"operationMetadataId":"3fd0df1d-d2ce-4396-bbc8-48ab6e80f661"},"type":"OpenApiConnectionWebhook","inputs":{"host":{"apiId":"/providers/Microsoft.PowerApps/apis/shared_microsoftforms","connectionName":"shared_microsoftforms","operationId":"CreateFormWebhook"},"parameters":{"form_id":"mqsYS2U3vkqsfA4NOYr9T5rxf0SpK8hLs8xtdAM8AIBUQ1lLN09DRjYzV1lZWTMyMkpVMldEQVVTRy4u"},"authentication":"@parameters('$authentication')"}}},"actions":{"Get_response_details":{"runAfter":{},"metadata":{"operationMetadataId":"9e3bc340-56da-4ecd-9c91-28ae2f5a0c7c"},"type":"OpenApiConnection","inputs":{"host":{"apiId":"/providers/Microsoft.PowerApps/apis/shared_microsoftforms","connectionName":"shared_microsoftforms","operationId":"GetFormResponseById"},"parameters":{"form_id":"mqsYS2U3vkqsfA4NOYr9T5rxf0SpK8hLs8xtdAM8AIBUQ1lLN09DRjYzV1lZWTMyMkpVMldEQVVTRy4u","response_id":"@triggerOutputs()?['body/resourceData/responseId']"},"authentication":"@parameters('$authentication')"}},"Look_for_Student_within_ITB_Repo":{"runAfter":{"Get_response_details":["Succeeded"]},"metadata":{"01M7M6SJXV4W5TKCMCRZHJV6P5C7VC3BAP":"/ITB Dumbie Student Database.xlsx","operationMetadataId":"76908d32-df70-4076-97ec-d60a7ad70268","tableId":"{019AC0B2-8159-4D63-A14F-F8B532F15142}"},"type":"OpenApiConnection","inputs":{"host":{"apiId":"/providers/Microsoft.PowerApps/apis/shared_excelonlinebusiness","connectionName":"shared_excelonlinebusiness","operationId":"GetItem"},"parameters":{"source":"groups/2b1f8699-531f-40e5-9e6f-4565a7ad82db","drive":"b!rCeIrKEMNEu790Oi9fp-Xd7iZOM75lhNl5R-Awlh_3fDRsWt--cRSrxt5ZRMIHRD","file":"01M7M6SJXV4W5TKCMCRZHJV6P5C7VC3BAP","table":"{019AC0B2-8159-4D63-A14F-F8B532F15142}","idColumn":"Student ID_x003a_","id":"@outputs('Get_response_details')?['body/ra6a28d9210f242549ac03d9b98886bc9']"},"authentication":"@parameters('$authentication')"}},"If_ITB_Student_Exists_and_Hasn't_Received_a_Laptop_Already":{"actions":{"Get_Selected_Student_Row":{"runAfter":{},"metadata":{"operationMetadataId":"499adf46-1820-4f32-99ec-2a5d9684fa05","tableId":"{019AC0B2-8159-4D63-A14F-F8B532F15142}"},"type":"OpenApiConnection","inputs":{"host":{"apiId":"/providers/Microsoft.PowerApps/apis/shared_excelonlinebusiness","connectionName":"shared_excelonlinebusiness","operationId":"GetItem"},"parameters":{"source":"groups/2b1f8699-531f-40e5-9e6f-4565a7ad82db","drive":"b!rCeIrKEMNEu790Oi9fp-Xd7iZOM75lhNl5R-Awlh_3fDRsWt--cRSrxt5ZRMIHRD","file":"/ITB Test Student Database.xlsx","table":"{019AC0B2-8159-4D63-A14F-F8B532F15142}","idColumn":"Student ID_x003a_","id":"@outputs('Look_for_Student_within_ITB_Repo')?['body/Student ID_x003a_']"},"authentication":"@parameters('$authentication')"}},"Update_Eligibilty_to_True":{"runAfter":{"Get_Selected_Student_Row":["Succeeded"]},"metadata":{"01M7M6SJXV4W5TKCMCRZHJV6P5C7VC3BAP":"/ITB Dumbie Student Database.xlsx","operationMetadataId":"3be463c3-46a4-4200-b1f5-52a00dec79e5","tableId":"{019AC0B2-8159-4D63-A14F-F8B532F15142}"},"type":"OpenApiConnection","inputs":{"host":{"apiId":"/providers/Microsoft.PowerApps/apis/shared_excelonlinebusiness","connectionName":"shared_excelonlinebusiness","operationId":"PatchItem"},"parameters":{"source":"groups/2b1f8699-531f-40e5-9e6f-4565a7ad82db","drive":"b!rCeIrKEMNEu790Oi9fp-Xd7iZOM75lhNl5R-Awlh_3fDRsWt--cRSrxt5ZRMIHRD","file":"01M7M6SJXV4W5TKCMCRZHJV6P5C7VC3BAP","table":"{019AC0B2-8159-4D63-A14F-F8B532F15142}","idColumn":"Student ID_x003a_","id":"@string(outputs('Get_response_details')?['body/ra6a28d9210f242549ac03d9b98886bc9'])"},"authentication":"@parameters('$authentication')"}},"If_application_has_been_approved":{"actions":{"Update_approval_column_to_Approved":{"runAfter":{},"metadata":{"01M7M6SJXV4W5TKCMCRZHJV6P5C7VC3BAP":"/ITB Test Student Database.xlsx","operationMetadataId":"b27114a7-12ce-4ddf-a7c0-83bc6b2f53cc","tableId":"{019AC0B2-8159-4D63-A14F-F8B532F15142}"},"type":"OpenApiConnection","inputs":{"host":{"apiId":"/providers/Microsoft.PowerApps/apis/shared_excelonlinebusiness","connectionName":"shared_excelonlinebusiness","operationId":"PatchItem"},"parameters":{"source":"groups/2b1f8699-531f-40e5-9e6f-4565a7ad82db","drive":"b!rCeIrKEMNEu790Oi9fp-Xd7iZOM75lhNl5R-Awlh_3fDRsWt--cRSrxt5ZRMIHRD","file":"01M7M6SJXV4W5TKCMCRZHJV6P5C7VC3BAP","table":"{019AC0B2-8159-4D63-A14F-F8B532F15142}","idColumn":"Student ID_x003a_","id":"@outputs('Get_response_details')?['body/ra6a28d9210f242549ac03d9b98886bc9']"},"authentication":"@parameters('$authentication')"}},"Get_Staff_Profile_(V2)":{"runAfter":{"Update_approval_column_to_Approved":["Succeeded"]},"metadata":{"operationMetadataId":"d6c77915-debe-44f5-b39d-8fca02353a01"},"type":"OpenApiConnection","inputs":{"host":{"apiId":"/providers/Microsoft.PowerApps/apis/shared_office365users","connectionName":"shared_office365users","operationId":"MyProfile_V2"},"parameters":{"$select":"mai"},"authentication":"@parameters('$authentication')"}},"List_rows_present_in_a_table":{"runAfter":{"Get_Staff_Profile_(V2)":["Succeeded"]},"metadata":{"01M7M6SJXV4W5TKCMCRZHJV6P5C7VC3BAP":"/ITB Test Student Database.xlsx","operationMetadataId":"f2b3913f-bc7b-414b-aae4-5d92d650b744","tableId":"{3EE82966-07E0-482E-B60A-CC608BA7A2E2}"},"type":"OpenApiConnection","inputs":{"host":{"apiId":"/providers/Microsoft.PowerApps/apis/shared_excelonlinebusiness","connectionName":"shared_excelonlinebusiness","operationId":"GetItems"},"parameters":{"source":"groups/2b1f8699-531f-40e5-9e6f-4565a7ad82db","drive":"b!rCeIrKEMNEu790Oi9fp-Xd7iZOM75lhNl5R-Awlh_3fDRsWt--cRSrxt5ZRMIHRD","file":"01M7M6SJXV4W5TKCMCRZHJV6P5C7VC3BAP","table":"{3EE82966-07E0-482E-B60A-CC608BA7A2E2}"},"authentication":"@parameters('$authentication')"}},"Apply_to_each":{"foreach":"@outputs('List_rows_present_in_a_table')?['body/value']","actions":{"Inventory_Check":{"actions":{"Send_Collection_Postponed_Email":{"runAfter":{},"metadata":{"operationMetadataId":"0c1430cf-0d00-41f4-9ed0-9afa212a309e"},"type":"OpenApiConnection","inputs":{"host":{"apiId":"/providers/Microsoft.PowerApps/apis/shared_office365","connectionName":"shared_office365","operationId":"SendEmail"},"parameters":{"emailMessage/To":"@outputs('Get_response_details')?['body/r0e4f07dde4d6488eab58247e813e2c54']","emailMessage/Subject":"Laptop Collection Postponed","emailMessage/Body":"Hello@{outputs('Get_response_details')?['body/r4806f2842cf44078b685eb3da3522192']}, \n\nUnfortunately, there are currently no Laptops available in our inventory. Please email ITB Faculty with any concerns you may have.\n\nKind Regards,\n@{outputs('Wait_for_an_approval_from_staff')?['body/name']}","emailMessage/Importance":"High"},"authentication":"@parameters('$authentication')"}}},"runAfter":{},"else":{"actions":{"Apply_to_each_3":{"foreach":"@outputs('Wait_for_an_approval_from_staff')?['body/responses']","actions":{"Send_Application_Approved_Email_with_Collection_Details":{"runAfter":{},"metadata":{"operationMetadataId":"0c1430cf-0d00-41f4-9ed0-9afa212a309e"},"type":"OpenApiConnection","inputs":{"host":{"apiId":"/providers/Microsoft.PowerApps/apis/shared_office365","connectionName":"shared_office365","operationId":"SendEmail"},"parameters":{"emailMessage/To":"@outputs('Get_response_details')?['body/r0e4f07dde4d6488eab58247e813e2c54']","emailMessage/Subject":"Application  Approved","emailMessage/Body":"Hello @{outputs('Get_response_details')?['body/r4806f2842cf44078b685eb3da3522192']} \nYour Application has been Approved. Please see the collection slots that are available and come with your student ID to verify your identity and collect your laptop.\n\nWhen: Monday - Friday 11:00-13:00\nWhere: BSBG-04 - Lobby area - Ground floor \nItem: Lenovo IdeaPad 3 14IIL05 (81WD00ALUK)\n\nKind Regards,\n@{items('Apply_to_each_3')?['responder/displayName']}\n","emailMessage/Importance":"High"},"authentication":"@parameters('$authentication')"}}},"runAfter":{},"metadata":{"operationMetadataId":"ff347b8e-a890-43b4-a9d2-1f2ea961a715"},"type":"Foreach"}}},"expression":{"equals":["@items('Apply_to_each')?['Laptop Inventory Capacity_x003a_']",0]},"metadata":{"operationMetadataId":"77c82f99-c09e-4965-89c1-56da0212e5a3"},"type":"If"}},"runAfter":{"List_rows_present_in_a_table":["Succeeded"]},"metadata":{"operationMetadataId":"63a83dd0-5c8f-4901-b153-6c82264e7620"},"type":"Foreach"},"Terminate":{"runAfter":{"Apply_to_each":["Succeeded"]},"metadata":{"operationMetadataId":"da834d2a-4b19-4fa6-b6ed-dbd77589d3a8"},"type":"Terminate","inputs":{"runStatus":"Succeeded"}}},"runAfter":{"Compose":["Succeeded"]},"else":{"actions":{"Update_approval_column_to_Rejected":{"runAfter":{},"metadata":{"01M7M6SJXV4W5TKCMCRZHJV6P5C7VC3BAP":"/ITB Test Student Database.xlsx","operationMetadataId":"b27114a7-12ce-4ddf-a7c0-83bc6b2f53cc","tableId":"{019AC0B2-8159-4D63-A14F-F8B532F15142}"},"type":"OpenApiConnection","inputs":{"host":{"apiId":"/providers/Microsoft.PowerApps/apis/shared_excelonlinebusiness","connectionName":"shared_excelonlinebusiness","operationId":"PatchItem"},"parameters":{"source":"groups/2b1f8699-531f-40e5-9e6f-4565a7ad82db","drive":"b!rCeIrKEMNEu790Oi9fp-Xd7iZOM75lhNl5R-Awlh_3fDRsWt--cRSrxt5ZRMIHRD","file":"01M7M6SJXV4W5TKCMCRZHJV6P5C7VC3BAP","table":"{019AC0B2-8159-4D63-A14F-F8B532F15142}","idColumn":"Student ID_x003a_","id":"@outputs('Get_response_details')?['body/ra6a28d9210f242549ac03d9b98886bc9']"},"authentication":"@parameters('$authentication')"}},"Send_Application_Rejected_Email":{"runAfter":{"Get_Staff_profile_(V2)_2":["Succeeded"]},"metadata":{"operationMetadataId":"0c1430cf-0d00-41f4-9ed0-9afa212a309e"},"type":"OpenApiConnection","inputs":{"host":{"apiId":"/providers/Microsoft.PowerApps/apis/shared_office365","connectionName":"shared_office365","operationId":"SendEmail"},"parameters":{"emailMessage/To":"@outputs('Get_response_details')?['body/r0e4f07dde4d6488eab58247e813e2c54']","emailMessage/Subject":"Application Declined","emailMessage/Body":"Hello@{outputs('Get_response_details')?['body/r4806f2842cf44078b685eb3da3522192']}, \n\nUnfortunately, your application has been declined. Please email ITB Faculty with any concerns you may have.\n\nKind Regards,\n@{outputs('Wait_for_an_approval_from_staff')?['body/name']}","emailMessage/Importance":"High"},"authentication":"@parameters('$authentication')"}},"Get_Staff_profile_(V2)_2":{"runAfter":{"Update_approval_column_to_Rejected":["Succeeded"]},"metadata":{"operationMetadataId":"d6c77915-debe-44f5-b39d-8fca02353a01"},"type":"OpenApiConnection","inputs":{"host":{"apiId":"/providers/Microsoft.PowerApps/apis/shared_office365users","connectionName":"shared_office365users","operationId":"MyProfile_V2"},"parameters":{"$select":"Mail"},"authentication":"@parameters('$authentication')"}},"Terminate_3":{"runAfter":{"Send_Application_Rejected_Email":["Succeeded"]},"metadata":{"operationMetadataId":"2703cec5-422e-4b67-b03f-8b67d505627b"},"type":"Terminate","inputs":{"runStatus":"Succeeded"}}}},"expression":{"equals":["@string(outputs('Compose'))","Approve"]},"metadata":{"operationMetadataId":"891a21c5-b1ce-4740-98ac-e8265db6a0a1"},"type":"If"},"Create_an_approval":{"runAfter":{"Update_Eligibilty_to_True":["Succeeded"]},"metadata":{"operationMetadataId":"67cb5fff-81dc-46b7-9e6c-05ba8ade0189"},"type":"OpenApiConnection","inputs":{"host":{"apiId":"/providers/Microsoft.PowerApps/apis/shared_approvals","connectionName":"shared_approvals","operationId":"CreateAnApproval"},"parameters":{"approvalType":"Basic","ApprovalCreationInput/title":"Flying Start Final Approval for Student: @{outputs('Get_response_details')?['body/ra6a28d9210f242549ac03d9b98886bc9']}","ApprovalCreationInput/assignedTo":"kimulij@uni.coventry.ac.uk;","ApprovalCreationInput/enableNotifications":true,"ApprovalCreationInput/enableReassignment":true},"authentication":"@parameters('$authentication')"}},"Wait_for_an_approval_from_staff":{"runAfter":{"Create_an_approval":["Succeeded"]},"metadata":{"operationMetadataId":"61764b3b-6f65-4b7a-b238-ea1f5c88b4bb"},"type":"OpenApiConnectionWebhook","inputs":{"host":{"apiId":"/providers/Microsoft.PowerApps/apis/shared_approvals","connectionName":"shared_approvals","operationId":"WaitForAnApproval"},"parameters":{"approvalName":"@outputs('Create_an_approval')?['body/name']"},"authentication":"@parameters('$authentication')"}},"Compose":{"runAfter":{"Update_Approval_Status":["Succeeded"]},"metadata":{"operationMetadataId":"aa664aaa-74ca-40e3-bc9c-dd1461ba9339"},"type":"Compose","inputs":"@outputs('Wait_for_an_approval_from_staff')?['body/outcome']"},"Reminder_Frequency":{"runAfter":{"Create_an_approval":["Succeeded"]},"metadata":{"operationMetadataId":"054bee84-77b7-4739-8c39-0dff1058c3d5"},"type":"Wait","inputs":{"interval":{"count":5,"unit":"Day"}}},"Has_Approval_been_sent":{"actions":{"Terminate_2":{"runAfter":{},"metadata":{"operationMetadataId":"50806f04-e5e1-4dca-8497-f1332a912bd3"},"type":"Terminate","inputs":{"runStatus":"Succeeded"}}},"runAfter":{"Approval_Checker":["Succeeded"]},"else":{"actions":{"Do_until":{"actions":{"Delay_2":{"runAfter":{},"metadata":{"operationMetadataId":"054bee84-77b7-4739-8c39-0dff1058c3d5"},"type":"Wait","inputs":{"interval":{"count":3,"unit":"Day"}}},"Post_message_in_a_chat_or_channel":{"runAfter":{"Delay_2":["Succeeded"]},"metadata":{"operationMetadataId":"9f52bbc8-1740-4005-bbbe-d8c73f8892ee"},"type":"OpenApiConnection","inputs":{"host":{"apiId":"/providers/Microsoft.PowerApps/apis/shared_teams","connectionName":"shared_teams","operationId":"PostMessageToConversation"},"parameters":{"poster":"Flow bot","location":"Channel","body/recipient/groupId":"2b1f8699-531f-40e5-9e6f-4565a7ad82db","body/recipient/channelId":"19:4I0aH6pgaY25laZL4kfh-PCTMYnylLbBzua6z0E6jxE1@thread.tacv2","body/messageBody":"<p>There's are overdue pending approvals that need to be completed.</p>"},"authentication":"@parameters('$authentication')"}},"Send_an_email_(V2)":{"runAfter":{"Post_message_in_a_chat_or_channel":["Succeeded"]},"metadata":{"operationMetadataId":"91fdbbb5-2211-45e7-b328-f76f08ea34e1"},"type":"OpenApiConnection","inputs":{"host":{"apiId":"/providers/Microsoft.PowerApps/apis/shared_office365","connectionName":"shared_office365","operationId":"SendEmailV2"},"parameters":{"emailMessage/To":"ITBFlyingStartChannel@livecoventryac.onmicrosoft.com","emailMessage/Subject":"Pending Overdue Approvals","emailMessage/Body":"<p>There's are currently overdue approvals pending that need to be completed.</p>","emailMessage/Importance":"Normal"},"authentication":"@parameters('$authentication')"}}},"runAfter":{},"expression":"@equals(variables('approvalDone'), true)","limit":{"count":60,"timeout":"PT1H"},"metadata":{"operationMetadataId":"15712d6b-99f2-4c7f-acdb-9e17a0be009f"},"type":"Until"}}},"expression":{"or":[{"equals":["@outputs('Approval_Checker')?['body/Approval']","Rejected"]},{"equals":["@outputs('Approval_Checker')?['body/Approval']","Approved"]}]},"metadata":{"operationMetadataId":"d6958951-6f8f-4cdd-9a95-b70ffce5707d"},"type":"If"},"Approval_Checker":{"runAfter":{"Reminder_Frequency":["Succeeded"]},"metadata":{"01M7M6SJXV4W5TKCMCRZHJV6P5C7VC3BAP":"/ITB Test Student Database.xlsx","operationMetadataId":"633ae72a-7ae6-4914-93d7-1536adc58357","tableId":"{019AC0B2-8159-4D63-A14F-F8B532F15142}"},"type":"OpenApiConnection","inputs":{"host":{"apiId":"/providers/Microsoft.PowerApps/apis/shared_excelonlinebusiness","connectionName":"shared_excelonlinebusiness","operationId":"GetItem"},"parameters":{"source":"groups/2b1f8699-531f-40e5-9e6f-4565a7ad82db","drive":"b!rCeIrKEMNEu790Oi9fp-Xd7iZOM75lhNl5R-Awlh_3fDRsWt--cRSrxt5ZRMIHRD","file":"01M7M6SJXV4W5TKCMCRZHJV6P5C7VC3BAP","table":"{019AC0B2-8159-4D63-A14F-F8B532F15142}","idColumn":"Student ID_x003a_","id":"@outputs('Get_response_details')?['body/ra6a28d9210f242549ac03d9b98886bc9']"},"authentication":"@parameters('$authentication')"}},"Update_Approval_Status":{"runAfter":{"Wait_for_an_approval_from_staff":["Succeeded"]},"metadata":{"operationMetadataId":"6f11730f-d4e5-4543-92a7-17d82c9bc293"},"type":"SetVariable","inputs":{"name":"approvalDone","value":"@true"}},"Get_response_details_3":{"runAfter":{"Compose":["Succeeded"]},"metadata":{"operationMetadataId":"2921fe94-bf25-4385-b072-1d9b4a838dc0"},"type":"OpenApiConnection","inputs":{"host":{"apiId":"/providers/Microsoft.PowerApps/apis/shared_microsoftforms","connectionName":"shared_microsoftforms","operationId":"GetFormResponseById"},"parameters":{"form_id":"mqsYS2U3vkqsfA4NOYr9T5rxf0SpK8hLs8xtdAM8AIBUQ1lLN09DRjYzV1lZWTMyMkpVMldEQVVTRy4u","response_id":"@triggerOutputs()?['body/resourceData/responseId']"},"authentication":"@parameters('$authentication')"}},"Create_SharePoint_List_Item":{"runAfter":{"Get_response_details_3":["Succeeded"]},"metadata":{"operationMetadataId":"efa8e851-a74a-4e60-a59d-076fa5806fe7"},"type":"OpenApiConnection","inputs":{"host":{"apiId":"/providers/Microsoft.PowerApps/apis/shared_sharepointonline","connectionName":"shared_sharepointonline","operationId":"PostItem"},"parameters":{"dataset":"https://livecoventryac.sharepoint.com/teams/ITBFlyingStartChannel","table":"7f7d2f05-4714-4668-a2fe-fe62ada65a92","item/Title":"@outputs('Wait_for_an_approval_from_staff')?['body/title']","item/StudentID_x003a_":"@triggerOutputs()?['body/resourceData/responseId']","item/StudentIDs_x003a_":"@outputs('Get_response_details_3')?['body/ra6a28d9210f242549ac03d9b98886bc9']","item/Eligibility":"@outputs('Get_Selected_Student_Row')?['body/Eligibility']","item/Approval":"@outputs('Get_Selected_Student_Row')?['body/Approval']","item/SubmissionDate_x003a_":"@outputs('Get_response_details_3')?['body/submitDate']"},"authentication":"@parameters('$authentication')"}}},"runAfter":{"Initialize_approval_done_variable":["Succeeded"]},"else":{"actions":{"Criteria_Not_Met_Email":{"runAfter":{},"metadata":{"operationMetadataId":"9d4df0a3-62e2-49c1-81ef-ba77a6b0767d"},"type":"OpenApiConnection","inputs":{"host":{"apiId":"/providers/Microsoft.PowerApps/apis/shared_office365","connectionName":"shared_office365","operationId":"SendEmailV2"},"parameters":{"emailMessage/To":"@outputs('Get_response_details')?['body/responder']","emailMessage/Subject":"Application Declined- Student (@{outputs('Get_response_details')?['body/ra6a28d9210f242549ac03d9b98886bc9']})","emailMessage/Body":"<p>Hello @{outputs('Get_response_details')?['body/r4806f2842cf44078b685eb3da3522192']},<br>\n<br>\nUnfortunately, your application has been declined. Please email ITB Faculty with any concerns you may have.<br>\n<br>\nKind Regards,<br>\nITB Flying Start Team</p>"},"authentication":"@parameters('$authentication')"}},"Update_Eligibility_to_False":{"runAfter":{"Criteria_Not_Met_Email":["Succeeded"]},"metadata":{"01M7M6SJXV4W5TKCMCRZHJV6P5C7VC3BAP":"/ITB Dumbie Student Database.xlsx","operationMetadataId":"3be463c3-46a4-4200-b1f5-52a00dec79e5","tableId":"{019AC0B2-8159-4D63-A14F-F8B532F15142}"},"type":"OpenApiConnection","inputs":{"host":{"apiId":"/providers/Microsoft.PowerApps/apis/shared_excelonlinebusiness","connectionName":"shared_excelonlinebusiness","operationId":"PatchItem"},"parameters":{"source":"groups/2b1f8699-531f-40e5-9e6f-4565a7ad82db","drive":"b!rCeIrKEMNEu790Oi9fp-Xd7iZOM75lhNl5R-Awlh_3fDRsWt--cRSrxt5ZRMIHRD","file":"01M7M6SJXV4W5TKCMCRZHJV6P5C7VC3BAP","table":"{019AC0B2-8159-4D63-A14F-F8B532F15142}","idColumn":"Student ID_x003a_","id":"@string(outputs('Get_response_details')?['body/ra6a28d9210f242549ac03d9b98886bc9'])"},"authentication":"@parameters('$authentication')"}},"Terminate_4":{"runAfter":{"Update_Eligibility_to_False":["Succeeded"]},"metadata":{"operationMetadataId":"97693f85-c78e-4d8d-bf7f-e421f25590f3"},"type":"Terminate","inputs":{"runStatus":"Succeeded"}}}},"expression":{"and":[{"equals":["@outputs('Get_response_details')?['body/ra6a28d9210f242549ac03d9b98886bc9']","@outputs('Look_for_Student_within_ITB_Repo')?['body/Student ID_x003a_']"]},{"contains":["@outputs('Look_for_Student_within_ITB_Repo')?['body/Laptop Recieved?']","FALSE"]}]},"metadata":{"operationMetadataId":"b4f9540e-bd52-4a94-9a49-473d2a107bd0"},"type":"If"},"Initialize_approval_done_variable":{"runAfter":{"Look_for_Student_within_ITB_Repo":["Succeeded"]},"metadata":{"operationMetadataId":"0fa53a56-a60e-41ff-9688-7298ed436325"},"type":"InitializeVariable","inputs":{"variables":[{"name":"approvalDone","type":"boolean","value":"@false"}]}}},"outputs":{}},"connectionReferences":{"shared_microsoftforms":{"connectionName":"shared-microsoftform-edbbb7b4-dec5-4328-bbae-1bddd3015fd7","source":"Embedded","id":"/providers/Microsoft.PowerApps/apis/shared_microsoftforms","tier":"NotSpecified"},"shared_excelonlinebusiness":{"connectionName":"shared-excelonlinebu-dde6f21d-a2dd-4866-890b-34e07f0418d4","source":"Embedded","id":"/providers/Microsoft.PowerApps/apis/shared_excelonlinebusiness","tier":"NotSpecified"},"shared_office365users":{"connectionName":"shared-office365user-d18e5eaf-6574-4f85-8b95-cccf65bba58d","source":"Embedded","id":"/providers/Microsoft.PowerApps/apis/shared_office365users","tier":"NotSpecified"},"shared_office365":{"connectionName":"shared-office365-24449973-4886-41b3-ac0e-a6ba075cdf7a","source":"Embedded","id":"/providers/Microsoft.PowerApps/apis/shared_office365","tier":"NotSpecified"},"shared_approvals":{"connectionName":"shared-approvals-759df895-c06b-4342-b13a-2b0562eafb30","source":"Embedded","id":"/providers/Microsoft.PowerApps/apis/shared_approvals","tier":"NotSpecified"},"shared_teams":{"connectionName":"shared-teams-e5711775-110b-4721-8ddd-ab8ba609618a","source":"Embedded","id":"/providers/Microsoft.PowerApps/apis/shared_teams","tier":"NotSpecified"},"shared_sharepointonline":{"connectionName":"shared-sharepointonl-10734292-49f4-4dd3-9399-a46ddadebbbd","source":"Embedded","id":"/providers/Microsoft.PowerApps/apis/shared_sharepointonline","tier":"NotSpecified"}},"flowFailureAlertSubscribed":false,"isManaged":false}}